Neighbourhood
"Seattle, Washington, United States"
Missing
"Ballard, Seattle, Washington, United States"
"Capitol Hill, Seattle, Washington, United States"
"Seattle, Wa, United States"
"Shoreline, Washington, United States"
"Seattle , Washington, United States"
"Santa Clarita, California, United States"
"Inglewood, California, United States"
"Los Angeles, California, United States"
"Santa Monica, California, United States"
"El Segundo, California, United States"
"Burbank, California, United States"
"Castaic, California, United States"
"La Cañada Flintridge, California, United States"
"Topanga, California, United States"
"Venice , California, United States"
"West Hollywood, California, United States"
"Hawthorne, California, United States"
"Malibu, California, United States"
"South Pasadena, California, United States"
"Calabasas, California, United States"
"Claremont, California, United States"
"La Habra Heights, California, United States"
"Beverly Hills, California, United States"
"Torrance, California, United States"
"Baldwin Park, California, United States"
"San Gabriel, California, United States"
"Altadena, California, United States"
"Los Angeles County, California, United States"
"Montclair, California, United States"
"Pasadena, California, United States"
"Azusa, California, United States"
"Manhattan Beach, California, United States"
"Culver City, California, United States"
"Woodland Hills, California, United States"
"Signal Hill, California, United States"
"Monterey Park, California, United States"
"Lennox, California, United States"
"Rosemead, California, United States"
"Alhambra, California, United States"
"Long Beach, California, United States"
"Sherman Oaks, California, United States"
"La Crescenta-Montrose, California, United States"
"Glendale, California, United States"
"Marina del Rey, California, United States"
"Downey, California, United States"
"Sylmar, California, United States"
"El Monte, California, United States"
"Venice, California, United States"
"Rowland Heights, California, United States"
"Glendora, California, United States"
"Pomona, California, United States"
"Acton, California, United States"
"San Dimas, California, United States"
"Redondo Beach, California, United States"
"Hacienda Heights, California, United States"
"Arcadia, California, United States"
"Norwalk, California, United States"
"Stevenson Ranch, California, United States"
"Los Angeles , Ca, United States"
"Hermosa Beach, California, United States"
"La Mirada, California, United States"
"Temple City, California, United States"
"Gardena, California, United States"
"Vernon, California, United States"
"Avalon, California, United States"
"Littlerock, California, United States"
"Whittier, California, United States"
"West Carson, California, United States"
"Westlake Village, California, United States"
"South El Monte, California, United States"
"La Puente, California, United States"
"Walnut, California, United States"
"Bellflower, California, United States"
"Lomita, California, United States"
"Montrose, California, United States"
"Covina, California, United States"
"Carson, California, United States"
"South Gate, California, United States"
"Lancaster, California, United States"
"Agua Dulce, California, United States"
"Palmdale, California, United States"
"Lawndale, California, United States"
"Artesia, California, United States"
"San Fernando, California, United States"
"Lake Hughes, California, United States"
"Sherman Oaks, Los Angeles , California, United States"
"San Pedro Los Angeles , California, United States"
"East Los Angeles, California, United States"
"San Pedro Los Angeles, California, United States"
"LOS ANGELES, California, United States"
"Diamond Bar, California, United States"
"La Verne, California, United States"
"Lynwood, California, United States"
"San Pedro, CA, California, United States"
"San Pedro, California, United States"
"Lake Los Angeles, California, United States"
"Sherwood Forest, California, United States"
"Reseda, Los Angeles , California, United States"
"Duarte, California, United States"
"Agoura Hills, California, United States"
"Valencia , California, United States"
"Palos Verdes Peninsula, California, United States"
"Paramount, California, United States"
"Compton, California, United States"
"West Covina, California, United States"
"North Hollywood, California, United States"
"Van Nuys, California, United States"
"City of Industry, California, United States"
"Reseda, California, United States"
"Resada, Los Angeles, California, United States"
"Reseda, Los Angeles, California, United States"
"Palos Verdes Estates, California, United States"
"Valley Village, California, United States"
"Rancho Palos Verdes, California, United States"
"Reseda , California, United States"
"Topanga Canyon, California, United States"
"Winnetka, California, United States"
"Monrovia, California, United States"
"echo park, California, United States"
"Los Angeles , California, United States"
"Lakewood, California, United States"
"Commerce, California, United States"
"LaTuna Canyon, California, United States"
"Universal City, California, United States"
"Woodland Hills, Los Angeles, California, United States"
"Canoga Park, California, United States"
"View Park-Windsor Hills, California, United States"
"Sherman Oaks , California, United States"
"Woodland Hills , California, United States"
"Huntington Park, California, United States"
"Montebello, California, United States"
"West Hollywood , California, United States"
"Pico Rivera, California, United States"
"Bell, California, United States"
"VENICE, California, United States"
"Maywood, California, United States"
"Cerritos, California, United States"
"Gardena , California, United States"
"Redo do beach, California, United States"
"La Habra, California, United States"
"SAN PEDRO, California, United States"
"View Park, California, United States"
"Santa Clarita , California, United States"
"Hawaiian Gardens, California, United States"
"Hollywood, California, United States"
"Toluca lake, California, United States"
"Tarzana , California, United States"
"South Pasadena, CA  , United States"
"Studio city, California, United States"
"Reseda,Los Angeles, California, United States"
"Culver city, California, United States"
"Leona Valley, California, United States"
" Reseda, Los Angeles, California, United States"
"Sierra Madre, California, United States"
"Bell Gardens, California, United States"
"Los Feliz, Los Angeles, California, United States"
"Avocado Heights, California, United States"
"Los Angeles,, California, United States"
"Pacific Palisades, California, United States"
"Los angeles, California, United States"
"Rosemead unit , California, United States"
"Phillips Ranch, California, United States"
"Cudahy, Ca, United States"
"South Whittier, California, United States"
"Quartz Hill, California, United States"
"Studio City, California, United States"
"venice, California, United States"
"Cudahy, California, United States"
"Long Beach, Ca, United States"
"Rolling Hills Estates, California, United States"
"Hawthorne , California, United States"
"Pacific Palisades, Los Angeles, California, United States"
"Wrightwood, California, United States"
"Chatsworth, California, United States"
"Venice Beach, California, United States"
"Santa Fe Springs, California, United States"
"Playa Del Rey, California, United States"
"Los Angeles/ Hollywood , California, United States"
"Walnut Islands, California, United States"
"Hollywood , California, United States"
"Los Angeles/La Crescenta, California, United States"
"Val Verde, California, United States"
"Silver Lake, Los Angeles, California, United States"
"Lake Balboa , California, United States"
"Hollywood Hills, California, United States"
"Pacific palisades, California, United States"
"Encino, California, United States"
"Northridge, California, United States"
"Simi Valley, California, United States"
"los angles, california, United States"
"North Hollywood , California, United States"
"Los Angeles, ca, United States"
"N Hollywood, California, United States"
"Valyermo, California, United States"
"Malibu , California, United States"
"Lakewood, Ca, United States"
"Windsor Hills, California, United States"
"North Hills, California, United States"
"Rolling Hills, California, United States"
"Venice , Los Angeles, California, United States"
"El Camino Village, California, United States"
"Van Nuys , California, United States"
"Sherman oaks, California, United States"
"Studio City , California, United States"
"Tarzana, California, United States"
"STUDIO CITY, California, United States"
"Los Angeles, Hollywood Hills, California, United States"
"California, United States"
"South Bay, California, United States"
"san pedro, California, United States"
"Redondo Beach,, California, United States"
"arcadia, California, United States"
"Toluca Lake, California, United States"
"Van nuys, California, United States"
"Beach City, California, United States"
"Llano, California, United States"
"South San Jose Hills, California, United States"
"Playa del rey, California, United States"
"Ladera Heights, California, United States"
"Los Angeles, CALIFORNIA, United States"
"Westwood , California, United States"
"Los Angeles, Tarzana , California, United States"
"Lake Balboa, California, United States"
"Santa Clarita (Canyon Country), California, United States"
"West Los Angeles, California, United States"
"Los Angeles, Valley Glen, LA County, California , United States"
"Wilmington, California, United States"
"LA, California, United States"
"LOS ANGELES , California, United States"
"Glendale, California, US, California, United States"
"Valley Glen, California, United States"
"Altadena , California, United States"
"Oakland, California, United States"
"Piedmont, California, United States"
"Emeryville, California, United States"
"Berkeley, California, United States"
"Boston, Massachusetts, United States"
"Charlestown, Massachusetts, United States"
"Dorchester, Massachusetts, United States"
"West Roxbury, Massachusetts, United States"
"Milton, Massachusetts, United States"
"Dedham, Massachusetts, United States"
"Boston, , Massachusetts, United States"
"Boston , Massachusetts, United States"
"Jamaica Plain, Boston, Massachusetts, United States"
"Roxbury Crossing, Massachusetts, United States"
"Jamaica Plain , Massachusetts, United States"
"BOSTON, Massachusetts, United States"
"ROXBURY CROSSING, Massachusetts, United States"
"Brighton, Massachusetts, United States"
"Brooklyn, New York, United States"
"New York, United States"
"Bronx, New York, United States"
"Astoria, New York, United States"
"Queens, New York, United States"
"Long Island City, New York, United States"
"Staten Island, New York, United States"
"Riverdale , New York, United States"
"The Bronx, New York, United States"
"LONG ISLAND CITY, New York, United States"
"Park Slope, Brooklyn, New York, United States"
"Brooklyn , New York, United States"
"Jackson Heights, New York, United States"
"bronx, New York, United States"
"Greenpoint, Brooklyn, New York, United States"
"Long Island city, New York, United States"
"BROOKLYN, New York, United States"
"Woodside, New York, United States"
"Bayside, New York, United States"
"Astoria, Queens, New York, United States"
"Williamsburg, Brooklyn, New York, United States"
"LIC, New York, United States"
"Sunnyside, New York, United States"
"Staten Island  , New York, United States"
"brooklyn, New York, United States"
"Flushing, New York, United States"
"RIVERDALE, New York, United States"
"Staten Island , New York, United States"
"Soho New York, New York, United States"
"astoria, New York, United States"
"Manhattan, New York, United States"
"Jackson heights, New York, United States"
"New York city, New York, United States"
"Queens Village, New York, United States"
"NY, New York, United States"
"East Elmhurst, New York, United States"
"Bronx , New York, United States"
"NEW YORK, New York, United States"
"Arverne, New York, United States"
"Fresh meadows, New York, United States"
"Harlem, New York, United States"
"Rockaway Beach, New York, United States"
"Jackson Heights , New York, United States"
"Corona , New York, United States"
"New York , New York, United States"
"Maspeth, New York, United States"
"Jackson heights , New York, United States"
"Jamaica, New York, United States"
"Elmhurst , New York, United States"
"Astoria , New York, United States"
"Woodhaven , New York, United States"
"Astoria Queens , New York, United States"
"Williamsburg, Brooklyn , New York, United States"
"St. Albans , New York, United States"
"纽约, New York, United States"
"Flushing , New York, United States"
"Queens , New York, United States"
"New york, New York, United States"
"Flushing or east Elmhurst , New York, United States"
"Newyork, New York, United States"
"Laurelton , New York, United States"
"flushing, New York, United States"
"Elmhurst, New York, United States"
"Ridgewood, New York, United States"
"Flushing, NY, United States"
"Woodside , New York, United States"
"New York City, New York, United States"
"Saint Albans , New York, United States"
"Saint Albans, New York, United States"
"Maspeth , New York, United States"
"NEW YORK , New York, United States"
"Laurelton, New York, United States"
"New York - Sunnyside , New York, United States"
"Glendale, New York, United States"
"Fresh Meadows, New York, United States"
" Springfield Gardens, New York, United States"
"Brooklyn , Ny, United States"
"Queens village, New York, United States"
"Howard Beach, New York, United States"
"Queens Village , New York, United States"
"Long Island city , New York, United States"
"BROOKLYN , New York, United States"
"South Harlem, New York, United States"
"Oakland Gardens, New York, United States"
"Far rockaway, New York, United States"
"USA, New York, NY, United States"
"Jamaica Estates, New York, United States"
" Queens , New York, United States"
"South ozone park, New York, United States"
"BRONX, New York, United States"
"QUEENS, New York, United States"
"Forest Hills, New York, United States"
"New Orleans, Louisiana, United States"
"ByWater-Marigny, New Orleans, Louisiana, United States"
"ByWater-Marigny, New Orleans , Louisiana, United States"
"Arabi, Louisiana, United States"
"New Orleans, United States"
"New Orleans,, La, United States"
"New Orleans , Louisiana, United States"
"New Orleans , La, United States"
"New orleans, Louisiana, United States"
"Austin, Texas, United States"
"Austin Texas, United States"
"West Lake Hills, Texas, United States"
"Lakeway, Texas, United States"
"Sunset Valley, Texas, United States"
"Dripping Springs, Texas, United States"
"Manchaca, Texas, United States"
"Westlake Hills, Austin, Texas, United States"
"Austin , Texas, United States"
"Del Valle, Texas, United States"
"The Hills, Texas, United States"
"Austin, United States"
"Clarksville, Texas, United States"
"Austin, Tx, United States"
"Lake Travis, Texas, United States"
"Round Rock, Texas, United States"
"Bee Cave, Texas, United States"
"Pflugerville, Texas, United States"
"Chicago, Illinois, United States"
"Chicago Heights, Illinois, United States"
"Chicago , Illinois, United States"
"Calumet Park, Illinois, United States"
"Bucktown, Chicago, Illinois, United States"
"Chicago, United States"
"Chicago, Il, United States"
"Harwood Heights, Illinois, United States"
"芝加哥, Illinois, United States"
"Evergreen Park, Illinois, United States"
"Riverdale, Illinois, United States"
"Elmwood Park, Illinois, United States"
"Nashville, Tennessee, United States"
"Brentwood, Tennessee, United States"
"Hermitage, Tennessee, United States"
"Goodlettsville, Tennessee, United States"
"Nashville , Tennessee, United States"
"Pegram, Tennessee, United States"
"Nashville , Tn, United States"
"Nashville, United States"
"Greenbrier, Tennessee, United States"
"NASHVILLE, Tennessee, United States"
"Berry Hill, Tennessee, United States"
"Smyrna, Tennessee, United States"
"Ashland City, Tennessee, United States"
